<?xml version="1.0" encoding="UTF-8"?>
<beans xmlns="http://www.springframework.org/schema/beans"
	xmlns:xsi="http://www.w3.org/2001/XMLSchema-instance"
	xmlns:context="http://www.springframework.org/schema/context"
	xsi:schemaLocation="http://www.springframework.org/schema/beans http://www.springframework.org/schema/beans/spring-beans-3.1.xsd
		http://www.springframework.org/schema/context http://www.springframework.org/schema/context/spring-context-3.1.xsd">
<bean id="employee" class="org.cap.model.Employee" autowire="constructor">
	 <!-- <property name="empId" value="1001"/>
	<property name="firstName" value="Tom"/>
	<property name="lastName" value="Jerry"/> -->
	
	<!--<property name="department" ref="dep"/> -->
	
	 <constructor-arg name="empId" value="123"/>
	<constructor-arg name="firstName" value="Tom"/>
	<constructor-arg name="lastName" value="Jerry"/>
	<!--<constructor-arg name="department" ref="dep"/> -->
	
</bean>

<bean id="dep" class="org.cap.model.Department">
	<property name="depId" value="190"/>
	<property name="departName" value="Sales"/>
</bean>


<bean id="departm" class="org.cap.model.Department">
	<property name="depId" value="101"/>
	<property name="departName" value="Finance"/>
</bean>

</beans>
